userId,firstName,lastName,gender,level
8.0,Kaylee,Summers,F,free
10.0,Sylvie,Cruz,F,free
26.0,Ryan,Smith,M,free
101.0,Jayden,Fox,M,free
83.0,Stefany,White,F,free
66.0,Kevin,Arellano,M,free
48.0,Marina,Sutton,F,free
86.0,Aiden,Hess,M,free
17.0,Makinley,Jones,F,free
15.0,Lily,Koch,F,paid
89.0,Kynnedi,Sanchez,F,free
80.0,Tegan,Levine,F,free
44.0,Aleena,Kirby,F,paid
88.0,Mohammad,Rodriguez,M,free
49.0,Chloe,Cuevas,F,free
100.0,Adler,Barrera,M,free
61.0,Samuel,Gonzalez,M,free
75.0,Joseph,Gutierrez,M,free
50.0,Ava,Robinson,F,free
71.0,Ayleen,Wise,F,free
54.0,Kaleb,Cook,M,free
3.0,Isaac,Valdez,M,free
53.0,Celeste,Williams,F,free
69.0,Anabelle,Simpson,F,free
62.0,Connar,Moreno,M,free
95.0,Sara,Johnson,F,paid
63.0,Ayla,Johnson,F,free
6.0,Cecilia,Owens,F,free
99.0,Ann,Banks,F,free
43.0,Jahiem,Miles,M,free
25.0,Jayden,Graves,M,paid
51.0,Maia,Burke,F,free
16.0,Rylan,George,M,free
32.0,Lily,Burns,F,free
37.0,Jordan,Hicks,F,free
28.0,Brantley,West,M,free
77.0,Magdalene,Herman,F,free
78.0,Chloe,Roth,F,free
74.0,Braden,Parker,M,free
33.0,Bronson,Harris,M,free
73.0,Jacob,Klein,M,paid
52.0,Theodore,Smith,M,free
94.0,Noah,Chavez,M,free
57.0,Katherine,Gay,F,free
42.0,Harper,Barrett,M,paid
60.0,Devin,Larson,M,free
84.0,Shakira,Hunt,F,free
91.0,Jayden,Bell,M,free
24.0,Layla,Griffin,F,paid
97.0,Kate,Harrell,F,paid
35.0,Molly,Taylor,F,free
81.0,Sienna,Colon,F,free
27.0,Carlos,Carter,M,free
29.0,Jacqueline,Lynch,F,free
12.0,Austin,Rosales,M,free
55.0,Martin,Johnson,M,free
34.0,Evelin,Ayala,F,free
30.0,Avery,Watkins,F,paid
2.0,Jizelle,Benjamin,F,free
92.0,Ryann,Smith,F,free
9.0,Wyatt,Scott,M,free
14.0,Theodore,Harris,M,free
23.0,Morris,Gilmore,M,free
20.0,Aiden,Ramirez,M,paid
11.0,Christian,Porter,F,free
29.0,Jacqueline,Lynch,F,paid
80.0,Tegan,Levine,F,paid
72.0,Hayden,Brock,F,paid
36.0,Matthew,Jones,M,free
7.0,Adelyn,Jordan,F,free
64.0,Hannah,Calhoun,F,free
47.0,Kimber,Norris,F,free
67.0,Colm,Santana,M,free
13.0,Ava,Robinson,F,free
85.0,Kinsley,Young,F,free
85.0,Kinsley,Young,F,paid
18.0,Jacob,Rogers,M,free
36.0,Matthew,Jones,M,paid
96.0,Cierra,Finley,F,free
68.0,Jordan,Rodriguez,F,free
58.0,Emily,Benson,F,paid
76.0,Jayden,Duffy,F,free
4.0,Alivia,Terrell,F,free
59.0,Lily,Cooper,F,free
16.0,Rylan,George,M,paid
49.0,Chloe,Cuevas,F,paid
90.0,Andrea,Butler,F,free
70.0,Jaleah,Hayes,F,paid
40.0,Tucker,Garrison,M,free
79.0,James,Martin,M,free
41.0,Brayden,Clark,M,free
45.0,Dominick,Norris,M,free
88.0,Mohammad,Rodriguez,M,paid
65.0,Amiya,Davidson,F,paid
15.0,Lily,Koch,F,free
19.0,Zachary,Thomas,M,free
56.0,Cienna,Freeman,F,free
98.0,Jordyn,Powell,F,free
87.0,Dustin,Lee,M,free
38.0,Gianna,Jones,F,free
5.0,Elijah,Davis,M,free
82.0,Avery,Martinez,F,paid
39.0,Walter,Frye,M,free
22.0,Sean,Wilson,F,free
